DAY_DATE,MASKED_CUSTOMER_ID,VARIANT_ID
2025-06-27,9,30084220080
2025-08-27,67,30066949072
2025-08-22,92,30066949072
2025-07-05,92,30021681230
2025-08-27,67,30075439613
2024-09-29,11,30035000080
2024-09-29,11,30035000080
2024-09-15,11,30015880145
2024-09-15,11,30015880145
2024-10-20,63,30000836419
2024-10-25,92,30041120141
2024-12-19,92,30026669804
2024-12-19,92,30026669804
2024-11-23,56,30026669804
2024-11-23,56,30026669804
2024-10-02,72,85395472731
2024-12-28,66,30045500766
2024-12-28,66,30045500766
2025-01-18,27,30045900300
2024-11-26,44,30063258421
2024-11-26,44,30063258421
2025-01-21,63,30063258421
2025-02-08,42,30063258421
2024-11-18,67,30063258421
2024-11-18,67,30063258421
2025-05-18,63,30062335818
2025-09-02,67,30073047268
2025-08-27,27,30074379806
2025-09-02,67,30074379806
2025-08-20,92,30080740080
2025-09-03,11,30071439072
2025-09-02,11,30071439072
2024-09-18,44,86087417431
2024-09-18,44,86087417431
2024-11-17,63,30001310081
2024-12-26,36,30001310081
2024-12-26,36,30001310081
2024-09-15,11,30027118694
2024-09-15,11,30027118694
2024-09-15,11,30027118694
2024-09-15,11,30027118694
2024-10-02,67,30032547742
2024-10-02,67,30032547742
2024-10-19,44,30038840080
2024-09-26,56,30043830150
2024-09-26,56,30043830150
2024-11-13,27,30041373094
2024-11-13,27,30041373094
2024-11-13,27,30041373094
2024-11-13,27,30041373094
2024-11-13,27,30041373094
2024-11-13,27,30041373094
2024-11-13,27,30040917370
2024-11-13,27,30040917370
2025-05-14,6,30061149878
2025-08-26,54,30060512192
2025-07-19,66,30075026724
2025-08-27,27,30075846940
2025-08-27,27,30079800145
2024-10-02,26,30025756739
2024-12-04,50,30015929960
2024-10-24,56,30015929960
2024-09-12,67,30043529873
2024-09-12,67,30043529873
2024-09-27,27,30043529873
2024-09-27,27,30043529873
2024-09-17,92,30043529873
2024-09-17,92,30043529873
2025-06-09,18,30062765818
2025-05-18,63,30026520300
2025-08-28,77,30026520300
2025-08-19,47,30077880794
2025-09-06,92,30085810070
2025-07-29,27,30090207362
2024-12-08,9,30015370080
2024-12-08,9,30015370080
2024-12-08,9,30015370080
2024-12-08,9,30015370080
2024-09-12,27,30026940300
2024-10-25,44,30040520150
2024-10-29,6,30046117403
2024-10-12,63,30040862521
2024-09-29,11,30040862521
2024-09-29,11,30040862521
2024-12-11,66,30040862521
2024-12-11,66,30040862521
2024-12-12,56,30013836745
2024-12-12,56,30013836745
2025-05-17,63,30038622150
2024-12-25,92,30053210080
2024-12-25,92,30053210080
2025-09-03,11,30085387780
2025-07-05,92,30085387780
2025-06-01,50,30021950080
2024-10-30,92,30038280791
2024-11-21,56,30038280791
2024-11-21,56,30038280791
2024-12-26,36,30022917339
2024-12-26,36,30022917339
2024-10-25,44,30043780010
2024-10-20,11,30043840020
2024-10-04,66,30021949609
2024-10-04,66,30021949609
2024-12-08,57,30021949609
2024-12-08,57,30021949609
2024-10-01,92,30035980080
2024-10-01,92,30035980080
2025-07-02,67,30026548628
2025-07-05,92,30074029609
2025-08-22,44,30089691080
2025-09-03,11,30081001270
2025-08-14,27,30081001270
2024-11-17,63,83854527488
2025-03-16,42,30032380141
2024-11-03,50,30032380141
2024-10-30,92,30032380141
2024-11-14,56,30032380141
2024-11-14,56,30032380141
2024-11-01,67,30032380141
2024-11-01,67,30032380141
2024-10-31,67,86489029496
2024-10-31,67,86489029496
2024-10-12,63,85296360080
2025-06-24,92,30057270080
2024-09-15,66,30014400325
2024-09-15,66,30014400325
2024-09-12,44,30015880080
2024-09-12,44,30015880080
2024-10-20,63,30000847708
2024-10-20,11,30000847708
2025-01-19,63,30021660080
2025-05-17,63,30031957343
2025-06-28,9,30076379618
2024-11-13,27,30013369614
2024-11-13,27,30013369614
2024-12-07,57,30013369614
2024-12-07,57,30013369614
2024-09-12,27,30041160300
2024-11-01,47,30034839806
2024-11-01,47,30034839806
2024-11-18,18,30034839806
2024-11-18,18,30034839806
2024-10-26,56,30043760010
2024-11-08,63,30042960080
2024-10-20,11,30042960080
2024-11-26,44,83266632643
2024-11-26,44,83266632643
2025-09-04,27,83626858704
2025-08-10,67,83626858704
2025-09-03,11,83626858704
2025-08-10,67,30078718117
2024-12-08,57,30013021480
2024-12-08,57,30013021480
2024-10-20,11,30033382521
2024-09-12,27,30031460080
2024-12-08,57,30038071480
2024-12-08,57,30038071480
2024-09-15,66,83626840325
2024-09-15,66,83626840325
2024-12-29,42,30040850791
2025-01-21,63,30046880070
2024-11-30,27,30031956730
2024-11-30,27,30031956730
2025-08-04,66,30066118611
2024-10-02,26,30013100080
2024-12-18,11,30034969942
2024-12-27,67,30033919586
2024-12-27,67,30033919586
2024-09-29,11,30029323236
2024-09-29,11,30029323236
2024-11-18,47,30029323236
2024-11-18,47,30029323236
2025-07-26,66,85292660791
2024-12-12,56,30045430791
2024-12-12,56,30045430791
2024-11-19,50,30063828596
2024-11-19,50,30063828596
2024-09-18,8,82104380080
2024-09-18,8,82104380080
2024-09-18,8,82104380080
2024-09-18,8,82104380080
2025-09-01,92,30082020080
2024-09-18,44,86087418117
2024-09-18,44,86087418117
2025-08-08,57,30017639618
2024-09-15,11,30013770245
2024-09-15,11,30013770245
2024-11-18,47,30026522521
2024-11-18,47,30026522521
2024-09-26,56,30043770010
2024-09-26,56,30043770010
2024-12-05,92,30046490791
2024-12-05,92,30046490791
2025-08-27,27,30058336402
2025-07-30,47,30063938596
2024-10-31,67,30063938596
2024-10-31,67,30063938596
2025-09-04,63,30074750141
2025-07-10,67,30095270600
2025-08-06,57,30093080822
2024-11-08,63,30028230080
2024-10-26,56,30041899609
2024-11-02,92,30041899609
2024-11-02,92,30041899609
2025-09-05,50,30046500070
2025-05-22,52,30065006994
2024-09-25,78,30033681480
2024-09-25,78,30033681480
2024-12-19,92,30033681480
2024-12-19,92,30033681480
2024-10-25,92,30028007147
2024-12-11,27,30028007147
2024-12-11,27,30028007147
2024-11-26,44,30028007147
2024-11-26,44,30028007147
2025-02-12,6,30046509645
2025-06-03,9,30046509645
2024-10-17,9,30015109615
2025-07-19,67,30064058117
2025-08-10,67,83626828704
2025-09-01,92,83626828704
2025-08-14,27,83626828704
2025-08-14,27,83626828704
2025-07-18,27,30062946665
2025-04-06,63,30071642521
2025-08-06,57,30022466940
2025-08-23,47,30089390080
2025-08-27,67,30076461480
2025-07-24,67,30076461480
2025-08-10,67,30076461480
2024-12-26,36,86191259609
2024-12-26,36,86191259609
2024-09-15,11,30014400080
2024-09-15,11,30014400080
2024-09-15,11,30013779803
2024-09-15,11,30013779803
2024-11-29,78,30021479614
2024-11-29,78,30021479614
2024-12-12,56,30013830080
2024-12-12,56,30013830080
2024-11-26,44,30013830080
2024-11-26,44,30013830080
2025-03-02,93,30013830080
2024-09-17,63,30038130080
2025-08-21,47,30000834506
2025-06-22,92,30082262118
2025-07-29,27,30075599803
2025-07-10,67,30072456988
2025-01-21,63,83266630070
2025-09-02,11,30073899609
2024-09-17,63,30009016994
2024-09-17,63,30009016994
2024-12-26,36,30009016994
2024-12-26,36,30009016994
2024-10-08,56,30029699805
2024-10-08,56,30029699805
2024-09-12,27,30041150300
2024-09-25,78,30027650080
2024-09-25,78,30027650080
2024-11-11,67,30001200300
2024-11-11,67,30001200300
2025-08-27,66,30067168117
2025-08-14,27,30011528652
2024-10-28,92,30027129618
2024-10-17,9,30027129618
2024-10-17,9,30027129618
2024-09-25,78,30013419618
2024-09-25,78,30013419618
2024-12-18,11,30013419618
2024-09-29,11,30034702521
2024-09-29,11,30034702521
2024-10-12,63,30034702521
2024-10-26,56,30052250149
2024-10-31,67,30052250149
2024-10-31,67,30052250149
2024-12-21,92,30041539608
2024-12-21,92,30041539608
2024-12-12,56,30041539608
2024-12-12,56,30041539608
2025-08-06,27,30016667862
2024-09-12,67,30043509873
2024-09-12,67,30043509873
2024-10-31,92,86037350080
2024-10-31,92,86037350080
2024-12-20,56,30036220080
2024-12-26,36,30013702150
2024-12-26,36,30013702150
2025-07-05,92,30070731230
2025-07-28,44,30082021308
2025-08-10,67,30074577235
2025-08-27,27,30066938679
2025-09-01,18,30062316983
2025-07-16,92,30065977699
2025-08-20,92,30065977699
2025-09-04,44,30077328117
2024-10-26,56,30031931480
2024-10-31,92,30039667706
2024-10-31,92,30039667706
2024-09-12,27,83668980325
2025-01-21,63,30039365976
2024-10-19,27,30050570080
2025-08-10,67,30087108886
2025-05-15,6,30059888117
2025-07-10,67,30072226983
2025-07-16,92,30072226983
2024-11-17,63,30022140080
2024-09-17,63,30009013236
2024-10-08,56,30027089805
2024-10-08,56,30027089805
2024-10-30,27,30029820300
2025-07-09,67,30068950250
2025-01-11,52,79782597763
2025-07-05,92,30073170822
2025-06-28,9,30073170822
2024-10-20,11,30032560080
2025-02-12,6,30045571418
2024-10-04,92,30000389001
2025-08-22,44,30086240080
2025-08-14,27,30068566940
2025-08-06,57,86087417235
2024-10-17,9,30013009618
2024-10-30,92,30023569804
2024-12-21,92,30045910766
2024-12-21,92,30045910766
2025-01-25,6,83266637862
2025-08-28,77,30072999804
2025-08-31,27,30072999804
2025-08-22,44,30076906995
2025-08-08,50,30011522324
2025-09-04,44,30076850080
2025-08-14,27,30066086940
2024-09-28,56,30015907862
2024-09-28,56,30015907862
2024-10-31,92,30021668117
2024-10-31,92,30021668117
2024-09-15,11,30025710080
2024-09-15,11,30025710080
2025-08-06,27,30030750080
2024-11-11,56,30043930080
2024-11-11,56,30043930080
2025-04-06,63,30065182150
2024-10-02,67,30023627862
2024-10-02,67,30023627862
2025-08-27,27,30073447199
2025-09-02,11,30021477292
2025-08-14,67,30073298117
2025-08-12,67,30073298117
2025-05-23,50,30038626665
2024-09-18,11,86505010080
2024-09-18,11,86505010080
2024-10-19,44,30036280080
2024-12-05,92,30044760822
2024-12-05,92,30044760822
2025-08-27,27,30093620250
2025-09-02,11,30077289806
2025-08-22,44,30087188117
2024-09-12,6,30021476739
2024-11-29,78,30021476739
2024-11-29,78,30021476739
2024-10-30,92,30017640791
2024-09-12,27,30028350010
2024-09-26,92,30000389609
2024-09-26,92,30000389609
2024-10-26,56,30016037370
2024-11-13,27,30016037370
2024-11-13,27,30016037370
2024-10-29,6,30016037370
2024-11-22,6,30016037370
2025-08-08,66,30077719609
2025-08-04,66,30077719609
2025-08-27,27,30089217862
2025-08-28,77,30068011753
2025-09-10,63,30078319424
2025-08-27,27,30078319806
2024-10-02,8,30024337855
2024-10-02,26,30025751480
2024-10-19,27,30023430619
2024-11-01,67,30046880080
2025-06-01,50,30046880080
2025-05-30,50,30046880080
2024-11-01,67,30046880080
2025-02-24,20,30043624939
2025-01-18,27,30045900080
2024-12-25,92,30045900080
2024-12-25,92,30045900080
2025-04-05,52,30064870300
2025-08-22,92,30066949615
2025-09-03,11,30071439618
2025-09-02,11,30071439618
2025-07-05,92,30072458710
2025-08-14,27,30076366375
2025-09-02,11,30035301842
2025-08-17,92,30096000250
2024-09-12,27,30028770390
2024-10-19,27,30036271230
2024-09-26,56,30043900010
2024-09-26,56,30043900010
2024-11-08,63,30027130080
2024-12-21,92,30042050791
2024-12-21,92,30042050791
2024-12-05,92,30042050791
2024-12-05,92,30042050791
2024-12-12,56,30027456963
2024-12-12,56,30027456963
2025-03-16,42,30050769609
2025-02-08,42,30050769609
2025-06-03,9,30062686983
2025-07-29,27,30084291957
2024-10-19,27,83626857199
2025-07-16,92,30077150070
2025-08-07,92,30077150070
2024-09-15,11,30013799803
2024-09-15,11,30013799803
2024-09-29,11,30040530020
2024-09-29,11,30040530020
2024-11-13,27,30028006739
2024-11-13,27,30028006739
2024-12-11,27,30028006739
2024-12-11,27,30028006739
2024-11-30,52,30050941124
2025-01-10,52,30050941124
2024-11-30,27,30050941124
2024-11-30,27,30050941124
2025-07-26,66,79782597343
2025-08-14,27,30000846940
2025-07-05,92,30083906729
2024-12-18,11,30032760300
2024-09-15,11,30013329806
2024-09-15,11,30013329806
2024-09-18,56,30032759608
2024-09-18,56,30032759608
2024-10-19,44,30043610080
2024-11-19,18,30037852521
2024-11-19,18,30037852521
2024-12-12,56,30028994942
2024-12-12,56,30028994942
2025-01-05,20,30028994942
2025-08-25,9,30074061230
2025-07-05,92,30074061230
2025-07-24,67,30074061230
2025-08-18,67,30074061230
2025-08-28,70,30089497201
2025-09-02,11,30066857234
2025-09-03,11,30077668993
2025-08-27,27,30077668993
2024-12-18,67,30013159609
2024-12-18,67,30013159609
2024-09-27,56,30036650250
2024-09-27,56,30036650250
2024-11-17,63,83854526286
2024-10-19,27,30038744939
2025-01-05,20,30065300200
2025-07-18,27,30066211230
2025-07-05,92,30070150822
2025-06-27,9,30070150822
2025-09-01,92,30065589072
2024-09-27,27,30032866988
2024-09-27,27,30032866988
2024-09-27,27,30032866988
2024-09-27,27,30032866988
2024-09-15,11,30021566902
2024-09-15,11,30021566902
2024-09-23,56,30031870080
2024-09-23,56,30031870080
2024-09-29,11,30040530080
2024-09-29,11,30040530080
2024-11-01,44,30040530080
2024-11-01,44,30040530080
2024-11-24,56,30000479802
2024-11-24,56,30000479802
2024-11-30,27,30049967467
2024-11-30,27,30049967467
2024-10-01,92,30030710300
2024-10-01,92,30030710300
2024-10-25,92,30052930080
2025-03-14,50,30043088596
2024-10-02,8,30013267339
2025-09-02,67,30076290791
2025-08-12,67,30076290791
2025-08-06,57,30073544506
2025-08-06,57,30073544506
2025-09-03,11,30071430080
2025-09-02,11,30071430080
2025-09-03,11,30082230080
2025-08-10,44,30076442118
2025-08-10,67,30078500080
2025-09-02,11,30078500080
2025-09-01,92,30065589615
2024-10-19,27,30030270080
2024-10-20,67,30030270080
2024-10-01,66,83626830325
2024-10-01,66,83626830325
2024-09-12,27,30029889618
2024-10-19,44,30037530080
2024-10-25,44,30044400010
2024-09-21,67,30053050080
2024-09-21,67,30053050080
2025-07-18,27,30060259608
2025-05-22,52,30052941418
2025-06-23,9,30057381480
2025-09-01,92,30071376769
2025-08-06,57,30073549805
2025-09-02,11,30066859618
2025-09-01,92,30066859618
2025-08-27,67,30066859618
2025-08-22,92,30099210250
2024-09-12,6,30017927291
2024-11-13,27,30015888596
2024-11-13,27,30015888596
2024-09-29,11,30015888596
2024-09-29,11,30015888596
2024-10-30,92,30031539614
2024-11-18,18,30026393656
2024-11-18,18,30026393656
2024-10-20,11,30033383655
2024-10-28,92,30000837821
2025-07-29,27,30059290300
2025-07-18,50,30020547432
2025-07-18,50,30020547432
2025-07-10,67,30020547432
2024-10-06,55,30011800791
2024-10-12,63,30011800791
2025-08-27,27,30079800374
2025-08-27,27,30066930080
2024-11-30,27,30028970300
2024-11-30,27,30028970300
2024-10-30,92,30040361449
2024-10-07,92,86778303934
2024-10-07,92,86778303934
2025-03-07,20,30051999699
2025-05-22,52,30053470300
2025-05-26,52,30053470300
2025-08-27,67,30077560080
2025-08-10,67,30077560080
2024-10-02,8,30019975601
2024-12-08,57,30021949618
2024-12-08,57,30021949618
2024-10-16,78,30021949618
2024-12-11,92,30041760766
2024-12-11,92,30041760766
2025-07-26,66,30074406940
2025-08-10,47,30076310791
2025-09-04,63,30076310791
2025-08-23,47,30076310791
2025-08-27,67,30096640020
2025-08-10,67,30096640020
2024-09-12,27,83668980080
2024-10-30,92,30047120239
2024-09-22,56,30037069803
2024-09-22,56,30037069803
2025-04-06,63,30051160080
2025-02-12,6,30051160080
2025-09-02,92,30071379618
2025-08-19,47,30074150790
2025-09-01,92,30066859804
2025-09-02,11,30066859804
2025-08-18,67,30081109806
2025-09-04,63,30072680080
2025-09-04,44,30078709614
2025-09-03,11,30077690080
2024-11-30,27,30014915530
2024-11-30,27,30014915530
2024-10-10,63,30034703655
2024-11-08,66,30044800822
2024-11-08,66,30044800822
2025-02-12,6,30044800822
2024-11-13,27,30052881777
2024-11-13,27,30052881777
2025-04-20,42,30074070010
2025-07-12,92,30071847862
2025-07-18,27,30061450300
2025-08-28,77,30071560080
2025-08-20,92,30073922965
2025-08-26,92,30073922965
2025-08-07,92,30086560250
2025-09-01,92,30093147268
2025-07-05,92,30093147268
2025-06-30,92,30093147268
2025-08-06,57,30093147268
2024-12-18,11,30022340080
2024-10-30,27,30017927257
2024-10-30,27,30017927257
2025-08-19,54,30019769613
2024-10-20,67,30037659606
2024-10-25,92,30050581196
2024-10-25,92,30050581196
2024-11-19,50,30050581196
2024-11-19,50,30050581196
2025-08-27,66,30082040188
2025-09-01,92,30082020070
2024-12-26,36,30025231480
2024-12-26,36,30025231480
2024-09-15,11,30013329804
2024-09-15,11,30013329804
2024-12-26,36,30020380300
2024-12-26,36,30020380300
2024-12-18,11,30020380300
2024-11-08,63,30017609609
2024-10-12,63,30017609609
2024-10-03,56,30044200010
2024-10-03,56,30044200010
2025-05-18,63,30045926994
2024-11-17,63,30045926994
2024-10-13,67,30040562659
2024-10-13,67,30040562659
2024-10-20,11,30040562659
2024-12-18,67,30040840790
2024-12-18,67,30040840790
2024-12-03,56,30040840790
2024-12-03,56,30040840790
2024-11-25,56,30038727706
2024-11-25,56,30038727706
2024-12-12,50,30045470790
2024-11-13,27,30045470790
2024-11-13,27,30045470790
2024-11-30,27,30043882643
2024-11-30,27,30043882643
2025-01-21,63,30027150300
2024-12-01,56,30027150300
2024-12-01,56,30027150300
2025-01-25,6,30046160300
2025-03-25,6,30046160300
2025-02-12,6,30050191418
2025-05-14,6,30014148467
2025-01-05,20,85552477431
2025-09-04,63,30041660822
2025-08-23,47,30041660822
2025-08-27,67,30079269608
2025-08-08,50,30079269608
2025-08-07,92,30079269608
2025-08-10,67,30079269608
2025-09-02,11,30078501842
2025-08-14,27,30011527697
2025-09-04,63,30011840080
2024-12-26,36,86356757339
2024-12-26,36,86356757339
2025-07-09,69,30059887610
2025-07-31,67,30057470080
2025-08-13,67,30057470080
2025-09-01,92,30050581265
2025-09-04,50,30050581265
2025-08-26,92,30050581265
2025-08-31,27,30050581265
2025-09-06,92,30085810080
2024-09-13,63,30028644472
2024-10-31,67,86256430080
2024-10-31,67,86256430080
2024-09-29,11,30042120080
2024-09-29,11,30042120080
2024-10-12,92,30043700080
2024-10-12,92,30043700080
2024-11-08,63,80165230080
2024-10-24,56,80165230080
2024-09-13,12,80165230080
2024-12-07,66,80165230080
2024-12-07,66,80165230080
2024-10-13,78,80165230080
2024-10-13,78,80165230080
2025-07-18,27,30078030791
2025-05-15,6,30078030791
2025-08-31,27,30072719804
2024-10-20,67,30026547909
2025-09-02,11,30070950080
2025-08-17,92,30083776940
2024-09-17,63,30036479609
2024-09-12,27,30034710300
2025-01-21,63,30016860070
2024-09-17,63,30016860070
2024-09-17,63,30016860070
2025-02-24,20,30042180080
2024-10-19,44,30043610010
2025-04-06,63,30047950080
2025-04-06,63,30047950080
2025-02-01,50,30047950080
2025-07-20,18,30074034506
2025-09-04,63,30085520080
2024-09-12,67,30027450619
2024-09-12,67,30027450619
2024-09-12,27,30027450619
2024-12-26,36,30027911230
2024-12-26,36,30027911230
2025-03-02,93,30043050010
2024-09-26,56,30035850080
2024-09-26,56,30035850080
2025-03-11,18,30056987343
2025-05-18,63,30057077443
2025-08-06,57,30071560211
2025-07-05,92,30092700080
2024-09-18,11,30020099608
2024-09-18,11,30020099608
2024-09-27,27,30016909564
2024-09-27,27,30016909564
2024-09-12,27,30016909564
2024-10-06,66,86081950080
2025-02-17,50,30000387362
2024-12-12,56,30027454939
2024-12-12,56,30027454939
2025-05-14,63,30066977403
2025-05-18,63,30066977403
2025-08-27,27,30078830204
2024-09-29,11,30034712521
2024-09-29,11,30034712521
2024-10-12,63,30034712521
2024-11-14,92,30047990790
2024-11-14,92,30047990790
2024-11-29,69,30000838162
2024-11-29,69,30000838162
2025-03-07,20,30051809699
2025-02-24,20,30060447403
2025-07-29,27,30072167403
2025-08-26,54,30007306940
2025-07-28,18,30058804942
2025-09-04,44,30066952659
2024-11-03,92,30023570080
2024-10-25,92,30021476779
2024-09-29,11,30042807006
2024-09-29,11,30042807006
2024-11-18,67,30059169609
2024-11-18,67,30059169609
2024-12-26,36,30003509606
2024-12-26,36,30003509606
2024-10-02,72,30003509606
2025-07-30,67,30063496665
2025-06-04,18,30063496665
2025-07-05,92,30077079618
2025-09-02,11,30066852659
2025-08-10,67,30087170080
2024-10-02,26,30012140300
2024-10-31,26,30012140300
2024-10-02,26,30014941230
2024-10-23,92,30014941230
2024-09-17,63,30032800145
2024-09-15,11,30022344939
2024-09-15,11,30022344939
2024-09-28,50,30031570822
2024-09-28,50,30031570822
2024-09-29,27,30033402521
2024-09-29,27,30033402521
2024-10-25,44,30043440080
2024-10-19,56,30043440080
2025-08-31,18,30031450070
2024-09-15,11,30047896963
2024-09-15,11,30047896963
2024-10-19,27,81033510080
2025-07-05,92,80165236448
2025-08-18,67,80165236448
2025-08-10,67,30068378117
2025-08-01,50,30068378117
2025-08-27,27,30066950080
2024-11-24,63,30027670080
2024-12-08,57,30013001480
2024-12-08,57,30013001480
2024-12-08,57,30013001480
2024-12-08,57,30013001480
2024-10-16,78,30024497320
2024-10-30,44,30039020080
2024-11-13,27,30043737704
2024-11-13,27,30043737704
2024-11-13,27,30043737704
2024-11-13,27,30043737704
2024-10-29,6,30044676739
2024-09-15,66,66742520070
2024-09-15,66,66742520070
2025-08-16,47,30070270822
2025-09-04,63,30070270822
2025-08-10,67,30087042669
2024-12-11,92,30041490791
2024-12-11,92,30041490791
2024-11-21,56,30041490791
2024-11-21,56,30041490791
2024-12-03,50,30041490791
2024-11-13,27,30000387403
2024-11-13,27,30000387403
2025-07-05,92,30092709567
2025-09-03,11,30073729618
2025-08-27,27,30073729618
2024-09-23,67,30033451418
2024-09-23,67,30033451418
2024-11-13,27,30026719608
2024-11-13,27,30026719608
2025-05-18,63,30057070300
2025-07-18,27,30060410070
2025-02-12,6,30060700020
2024-12-05,92,30062100080
2024-12-05,92,30062100080
2025-06-28,9,30076449821
2025-07-02,67,30076449821
2024-12-18,11,30013119611
2024-09-12,27,30028787240
2024-10-16,78,30041871480
2024-09-15,11,30026990080
2024-09-15,11,30026990080
2025-07-10,67,30075810141
2025-08-27,67,30046509613
2025-09-02,11,30046509613
2025-06-27,9,30046509613
2025-08-06,57,30046509613
2025-09-02,11,30066857320
2025-09-05,11,30053330080
2024-12-28,66,30045450790
2024-12-28,66,30045450790
2025-07-17,44,30017632155
2025-01-05,20,30028921230
2024-11-13,27,30017462599
2024-11-13,27,30017462599
2025-09-02,11,30043887702
2025-07-29,27,30043887702
2024-10-31,92,30038647706
2024-10-31,92,30038647706
2024-10-25,44,30038660080
2024-10-26,56,30038660080
2025-07-05,92,30092700300
2024-09-25,67,30017690080
2024-09-25,67,30017690080
2024-12-26,36,30033312521
2024-12-26,36,30033312521
2024-09-27,27,30033309873
2024-09-27,27,30033309873
2025-07-30,47,30071182958
2025-09-03,11,30071437292
2025-09-02,11,30071437292
2025-06-01,18,30058330261
2025-02-12,6,30042167862
2025-08-27,27,30090860250
2025-08-17,92,30076689612
2025-08-27,67,30076689612
2025-08-10,67,30076689612
2025-09-06,92,30099320010
2024-12-18,11,30030390305
2024-09-25,66,30022630080
2024-09-25,66,30022630080
2024-12-08,57,30013009615
2024-12-08,57,30013009615
2024-12-26,36,30028970374
2024-12-26,36,30028970374
2025-07-05,92,30070566443
2025-07-28,44,30070566443
2025-08-26,47,30070566443
2025-05-18,63,84257190791
2024-12-19,67,30003257821
2024-12-19,67,30003257821
2024-11-30,27,30003257821
2024-11-30,27,30003257821
2024-11-30,27,30003257821
2024-11-30,27,30003257821
2025-05-17,63,30054887488
2025-01-18,27,30045909873
2024-12-21,92,30045909873
2024-12-21,92,30045909873
2024-11-26,44,30067740300
2024-11-26,44,30067740300
2025-07-29,27,30083941480
2025-09-02,11,30070958117
2025-08-14,27,30089847161
2024-12-12,56,30035979608
2024-12-12,56,30035979608
2024-11-13,27,30035979608
2024-11-13,27,30035979608
2024-10-02,8,30013177488
2024-11-11,44,30044630150
2024-11-11,44,30044630150
2025-06-03,9,30068316983
2025-07-18,27,30062940300
2025-07-05,92,30080169618
2025-08-29,67,30080169618
2025-01-19,63,30048200070
2025-01-21,63,30048200070
2025-03-22,18,86087417403
2024-09-27,27,30028996988
2024-09-27,27,30028996988
2024-09-12,27,30034810080
2024-10-31,67,30027970080
2024-10-31,67,30027970080
2024-10-30,92,30034879616
2024-09-29,27,30033400300
2024-09-29,27,30033400300
2025-08-13,54,30057159614
2025-07-19,67,30070616265
2024-10-01,92,30034750080
2024-10-01,92,30034750080
2024-11-26,92,30044837291
2024-11-26,92,30044837291
2024-10-20,11,30044837291
2025-08-10,67,30078559608
2025-08-17,92,30078559608
2024-12-23,66,30021440790
2024-12-23,66,30021440790
2024-10-30,92,30011526012
2024-12-19,92,30011526012
2024-12-19,92,30011526012
2024-11-22,6,30011526012
2024-12-08,57,30021949615
2024-12-08,57,30021949615
2025-07-29,27,30072738596
2024-09-25,66,86161860080
2024-09-25,66,86161860080
2024-10-31,26,86854555377
2024-10-17,27,30041729619
2024-09-18,56,30053860080
2024-09-18,56,30053860080
2024-10-15,47,30053860080
2024-12-26,36,30011189610
2024-12-26,36,30011189610
2024-10-02,8,30013058659
2024-12-18,11,30016496739
2024-10-04,92,30036639609
2024-10-20,67,30036639609
2024-09-29,11,30021479586
2024-09-29,11,30021479586
2024-09-29,11,30021949613
2024-09-29,11,30021949613
2024-09-27,27,30033301480
2024-09-27,27,30033301480
2024-09-27,27,30033301480
2024-09-27,27,30033301480
2024-12-12,92,30038079618
2024-12-12,92,30038079618
2025-08-04,23,30071369614
2025-08-20,92,30080500300
2025-07-18,27,30080500300
2025-08-20,92,30080747268
2025-08-21,47,30080747268
2025-08-12,67,30070569614
2025-07-05,92,30070569614
2024-12-28,66,30042880791
2024-12-28,66,30042880791
2025-02-12,6,30042880791
2024-11-12,67,30040560080
2024-11-12,67,30040560080
2024-10-20,11,30040560080
2024-10-20,11,30040560080
2025-08-09,63,30022463656
2025-07-09,67,30060518628
2024-10-25,92,30045292659
2024-10-26,56,30045292659
2024-11-13,27,30045292659
2024-11-13,27,30045292659
2024-10-20,67,30038617909
2025-01-15,50,30063429615
2024-12-02,67,30063616902
2024-12-02,67,30063616902
2025-03-02,93,30063560080
2025-03-16,42,79329800080
2025-07-28,44,30082024114
2025-09-06,92,30084209618
2024-09-15,11,30021560080
2024-09-15,11,30021560080
2024-11-13,27,30028971215
2024-11-13,27,30028971215
2024-11-30,27,30028971215
2024-11-30,27,30028971215
2024-11-13,27,30029820619
2024-11-13,27,30029820619
2024-10-20,11,30033380300
2024-10-13,78,80165238117
2024-10-13,78,80165238117
2024-12-12,67,30041710080
2024-12-12,67,30041710080
2024-09-29,11,30042800080
2024-09-29,11,30042800080
2025-03-19,18,30069000020
2025-08-10,67,30074767723
2025-09-02,11,30081009619
2025-08-14,27,30081009619
2025-09-03,11,30081009619
2024-11-13,27,83626855272
2024-11-13,27,83626855272
2024-10-19,27,81927870822
2025-05-18,63,30007259609
2025-06-22,92,30082272118
2024-11-03,50,30035841418
2024-11-11,44,30035841418
2024-11-11,44,30035841418
2024-10-20,11,30035841418
2024-11-22,9,30035841418
2024-11-22,9,30035841418
2025-07-28,44,30080792150
2025-08-22,92,30074049618
2025-09-04,44,30086486994
2024-12-18,11,30016666012
2024-11-13,27,30016666012
2024-11-13,27,30016666012
2024-12-26,36,30027399619
2024-12-26,36,30027399619
2024-12-18,11,30027399619
2024-11-13,27,30027399619
2024-11-13,27,30027399619
2024-11-07,56,30027399619
2024-11-07,56,30027399619
2024-12-18,44,30027399619
2024-09-15,11,30013329616
2024-09-15,11,30013329616
2024-10-20,63,30041356419
2024-11-08,63,81880120080
2024-11-08,63,81880120080
2024-11-08,63,81880120080
2025-05-17,63,30031959606
2025-08-08,57,30017638704
2025-07-29,27,30017638704
2025-06-28,9,30017638704
2025-07-17,44,30017638704
2025-09-03,11,30017638704
2025-08-27,54,30077791196
2025-07-05,92,30077791196
2025-06-30,92,30077791196
2024-11-18,18,30038406809
2024-11-18,18,30038406809
2024-11-26,44,30062420020
2024-11-26,44,30062420020
2025-07-22,66,79782595818
2025-08-10,67,30086551304
2025-09-02,11,30035307268
2024-11-13,27,30015359618
2024-11-13,27,30015359618
2024-10-28,92,30021939618
2024-09-12,27,30036270146
2025-08-03,47,30054737603
2025-07-31,67,30054737603
2025-08-14,67,30068560080
2025-08-14,27,30068560080
2025-08-06,57,30080797268
2024-12-08,54,30047860791
2024-12-08,54,30047860791
2025-01-25,6,30060159873
2025-03-08,18,30060159873
2025-01-11,52,30060159873
2024-10-02,8,30010885601
2025-01-21,63,30011810766
